{
  "sender": "Управление стратегического развития и аналитики Комитета по цифровой трансформации Отдел статегическго развития и налитики Мусковского комитета по цифровой трансформации",
  "dateNumber": "10.10.2025 No54/35/5/5626",
  "title": "О направлении запроса",
  "deadline": "в максимально короткое время, так как сроки проведения проверки ограничены",
  "auditorName": null,
  "email": "digital.committee@org-name.ru",
  "period": "с 01.06.2025 по настоящее время | с момента регистрации по момент исполнения запроса | с 01.07.2025 по настоящее время",
  "requestType": "проведение проверки по данному материалу",
  "adress": null,
  "adress_sender": "123100, Мусква, Пресненская наб., 13",
  "podpisant": "Руковдитель направления В.Г.Главредов",
  "law": "ссылки на ст.106 нет",
  "fizik": [
    {
      "fullName": "Лапшин Тимфей Владленович",
      "seriesNumber": null,
      "government": null,
      "dateIssue": null,
      "registrationAddress": null,
      "dateBirth": "21.12.1999",
      "mobileNumber": "+3751758954885"
    }
  ],
  "urik": [],
  "bills": {
    "infoBills": "Сведения обо всех операциях, совершенных по карт-счетам, открытым, закрытым и заблокированным",
    "accountNumber": null,
    "currency": null,
    "accountType": "карт-счетам",
    "close": null,
    "openingDate": null,
    "closingDate": null,
    "answerBills": null
  },
  "transactions": {
    "vypiska": "Сведения обо всех операциях, совершенных по карт-счетам | вида операции (оплата услуг, покупка товара, снятие наличных), типа транзакции, результата операции | места (страна, город), полных сведений о точке (интернет, банкомат, магазин, название обслуживающего банка) проведения операции",
    "pp": null,
    "transactionAmount": "суммы денежных средств",
    "dateOperation": "даты",
    "timeOperation": "времени",
    "zp_spisok": null,
    "docs": "полные реквизиты | полные сведения о лицах (при наличии возможности), в пользу которых со счета осуществлялось списание (перевод) денежных средств"
  },
  "leftovers": null,
  "cards": {
    "cardNumber": "полный номер БПК",
    "maskCards": null,
    "getDate": null,
    "expDate": null,
    "paymentSystem": null,
    "blockDate": null,
    "blockTime": null,
    "unblockDate": null,
    "unblockTime": null,
    "pravoBPK": null,
    "infoCard": "Сведения обо всех операциях, совершенных по карт-счетам, открытым, закрытым и заблокированным на: Лапшина Тимфея Владленовича 21.12.1999 г.р., в период времени с 01.06.2025 по настоящее время, Вашим банком, с указанием даты, времени, места (страна, город), полных сведений о точке (интернет, банкомат, магазин, название обслуживающего банка) проведения операции, вида операции (оплата услуг, покупка товара, снятие наличных), суммы денежных средств, типа транзакции, результата операции, за период времени с момента регистрации по момент исполнения запроса. | При предоставлении сведений прошу указывать полный номер БПК и полные реквизиты, а также полные сведения о лицах (при наличии возможности), в пользу которых со счета осуществлялось списание (перевод) денежных средств"
  },
  "credit": null,
  "garantii": null,
  "deposit": null,
  "informationSecurities": null,
  "informationMetals": null,
  "informationOwn": null,
  "informationWallet": null,
  "inoe": null,
  "broni": null,
  "ais": {
    "infoAIS": null,
    "summAIS": null,
    "ammountAIS": null,
    "ppDateAIS": null,
    "ppTimeAIS": null,
    "ppNumberAIS": null,
    "ptDateAIS": null,
    "ptSummAIS": null,
    "datevAIS": null,
    "timevAIS": null
  },
  "arest": null,
  "sdbo": {
    "registrationSDBO": null,
    "ip": "IP-адресах, с использованием которых осуществлялся доступ к системе Интернет-банкинг (ее аналогах) | IP-адресах, с использованием которых осуществлялся доступ к сервису",
    "polzovateliSDBO": null,
    "vhodSDBO": "доступ к системе Интернет-банкинг (ее аналогах) | даты, времени доступа к системе, а также действий при доступе к системе и идентификаторов устройств, с которых осуществлялся доступ | даты, времени доступа K сервису, a также действий при доступе K сервису И идентификаторов устройств, с которых осуществлялся доступ к сервису",
    "infoSDBO": "Сведения об IP-адресах, с использованием которых осуществлялся доступ к системе Интернет-банкинг (ее аналогах), к указанным карт-счётам с указанием даты, времени доступа к системе, а также действий при доступе к системе и идентификаторов устройств, с которых осуществлялся доступ | В случае, если операции с использованием реквизитов запрашиваемых карт-счётах осуществлялись в сервисах Вашего банка без использования системы Интернет-банкинг (ее аналогах), прошу также предоставить сведения об ІР-адресах, с использованием которых осуществлялся доступ к сервису, с указанием типа сервиса, даты, времени доступа K сервису, a также действий при доступе K сервису И идентификаторов устройств, с которых осуществлялся доступ к сервису"
  },
  "customerInformation": {
    "infoClient": "Сведения об смс-сообщениях, поступивших на абонентские номера телефонов Лапшина Тимфея Владленовича | Просим сообщить, для чего приходило это смс-сообщение, доступ к чему запрашивали неустановленные лица, где он мог использоваться.",
    "adressClient": null,
    "nomerClient": "+3751758954885",
    "mailClient": null,
    "zaimClient": null
  },
  "videoInformation": "видеозаписей с камер видеонаблюдения установленных в банкоматах вашего банка",
  "informationErip": null,
  "other": "Сведения о банкоматах и терминалах, с использованием которых осуществлялись операции по списанию денежных средств, с указанием их местоположения",
  "sud": null,
  "doverennost": null,
  "closeForm": null
}