{
  "sender": "Общество с ограниченной ответственностью \"Калинка\"",
  "dateNumber": "14.10.2025 №2/15-56",
  "title": "О предоставлении справки",
  "deadline": null,
  "auditorName": null,
  "email": "kalina@ooo.by",
  "period": null,
  "requestType": "справка о закрытии (расчетного) банковского счета",
  "adress": null,
  "adress_sender": "2200111, г. Млын., ул. Скарбова, 5в, офис 404",
  "podpisant": "Е.Д. Малец",
  "law": "ссылки на ст.106 нет",
  "fizik": [],
  "urik": [
    {
      "nameOrganization": "ООО \"МирТрудМай\"",
      "unp": null
    }
  ],
  "bills": {
    "infoBills": "справку о закрытии (расчетного) банковского счета",
    "accountNumber": "BY12ALFA30121245489201412056",
    "currency": null,
    "accountType": "расчетного",
    "close": "закрытии",
    "openingDate": null,
    "closingDate": null,
    "answerBills": "для предоставления ее суду"
  },
  "transactions": {
    "vypiska": null,
    "pp": null,
    "transactionAmount": null,
    "dateOperation": null,
    "timeOperation": null,
    "zp_spisok": null,
    "docs": null
  },
  "leftovers": null,
  "cards": {
    "cardNumber": null,
    "maskCards": null,
    "getDate": null,
    "expDate": null,
    "paymentSystem": null,
    "blockDate": null,
    "blockTime": null,
    "unblockDate": null,
    "unblockTime": null,
    "pravoBPK": null,
    "infoCard": null
  },
  "credit": {
    "dogovorCr": null,
    "dogovorLiz": null,
    "dogovorSsuda": null,
    "dogovorVek": null,
    "nomerDogCr": null,
    "dateDogCr": null,
    "currencyCr": null,
    "dogovorSumma": null,
    "zalog": null,
    "infoCr": null,
    "typeCr": null,
    "percent": null,
    "graficCr": null,
    "periodCr": null,
    "anketaClient": null,
    "accountCr": null,
    "ostatokCr": null,
    "oborotCr": null,
    "oplataCr": null,
    "vyborkaCr": null,
    "prosrCr": null,
    "poruchitelCr": null,
    "covenantyCr": null,
    "inoeCr": null
  },
  "garantii": {
    "itogSummGar": null,
    "benGar": null,
    "sumPokrGar": null,
    "dateBank": null,
    "summBank": null,
    "dateGasitGar": null,
    "summGasitGar": null,
    "uslREPO": null
  },
  "deposit": {
    "depDogovor": null,
    "dogNumberDep": null,
    "dogDateDep": null,
    "currencyDep": null,
    "percentDep": null,
    "srokDep": null,
    "summDep": null,
    "summPercentNachisl": null,
    "summPercentPoluch": null,
    "typeDep": null
  },
  "informationSecurities": null,
  "informationMetals": null,
  "informationOwn": null,
  "informationWallet": null,
  "inoe": null,
  "broni": null,
  "ais": {
    "infoAIS": null,
    "summAIS": null,
    "ammountAIS": null,
    "ppDateAIS": null,
    "ppTimeAIS": null,
    "ppNumberAIS": null,
    "ptDateAIS": null,
    "ptSummAIS": null,
    "datevAIS": null,
    "timevAIS": null
  },
  "arest": {
    "infoOgranich": null,
    "organArest": null,
    "periodArest": null,
    "reasonArest": null,
    "infoArest": null,
    "infoStop": null
  },
  "sdbo": {
    "registrationSDBO": null,
    "ip": null,
    "polzovateliSDBO": null,
    "vhodSDBO": null,
    "infoSDBO": null
  },
  "customerInformation": {
    "infoClient": "решением Млыновскго уездного комитета по добрым делам от 28.02.2025 ООО \"МирТрудМай\" исключено из Единого государственного регистра юридических лиц и индивидуальных предпринимателей.",
    "adressClient": null,
    "nomerClient": null,
    "mailClient": null,
    "zaimClient": null
  },
  "videoInformation": null,
  "informationErip": null,
  "other": null,
  "sud": null,
  "doverennost": null,
  "closeForm": null
}