{
  "sender": "Антикризисный управляющий ООО \"Дом СИЗ\" – индивидуальный предприниматель Мирная Марфа Кощеевна",
  "dateNumber": "25.09.2025 №49",
  "title": "О предоставлении информации",
  "deadline": null,
  "auditorName": "Мирная Марфа Кощеевна",
  "email": "marfamirnaya@inbox.ru",
  "period": "за последние три года",
  "requestType": "О предоставлении информации",
  "adress": null,
  "adress_sender": "210000, Дубов, а/я 3",
  "podpisant": "М.К. Мирная",
  "law": "ссылки на ст.106 нет",
  "fizik": [],
  "urik": [
    {
      "nameOrganization": "ООО \"Дом СИЗ\"",
      "unp": "321654987"
    },
    {
      "nameOrganization": "ИП Мирная Марфа Кощеевна",
      "unp": "458963103"
    }
  ],
  "bills": {
    "infoBills": "выписки по всем счетам открытым в ЗАО «Альфа-Банк» обществом с ограниченной ответственностью «Дом СИЗ» | сведения о лицах, имевших право распоряжается банковскими счетами ( с указанием периода)",
    "accountNumber": null,
    "currency": null,
    "accountType": null,
    "close": null,
    "openingDate": null,
    "closingDate": null,
    "answerBills": null
  },
  "transactions": {
    "vypiska": null,
    "pp": null,
    "transactionAmount": null,
    "dateOperation": null,
    "timeOperation": null,
    "zp_spisok": null,
    "docs": null
  },
  "leftovers": null,
  "cards": {
    "cardNumber": null,
    "maskCards": null,
    "getDate": null,
    "expDate": null,
    "paymentSystem": null,
    "blockDate": null,
    "blockTime": null,
    "unblockDate": null,
    "unblockTime": null,
    "pravoBPK": null,
    "infoCard": null
  },
  "credit": {
    "dogovorCr": null,
    "dogovorLiz": null,
    "dogovorSsuda": null,
    "dogovorVek": null,
    "nomerDogCr": null,
    "dateDogCr": null,
    "currencyCr": null,
    "dogovorSumma": null,
    "zalog": null,
    "infoCr": "сведения о полученных и погашенных банковских кредитах",
    "typeCr": null,
    "percent": null,
    "graficCr": null,
    "periodCr": "за последние три года",
    "anketaClient": null,
    "accountCr": null,
    "ostatokCr": null,
    "oborotCr": null,
    "oplataCr": null,
    "vyborkaCr": null,
    "prosrCr": null,
    "poruchitelCr": null,
    "covenantyCr": null,
    "inoeCr": null
  },
  "garantii": {
    "itogSummGar": null,
    "benGar": null,
    "sumPokrGar": null,
    "dateBank": null,
    "summBank": null,
    "dateGasitGar": null,
    "summGasitGar": null,
    "uslREPO": null
  },
  "deposit": {
    "depDogovor": null,
    "dogNumberDep": null,
    "dogDateDep": null,
    "currencyDep": null,
    "percentDep": null,
    "srokDep": null,
    "summDep": null,
    "summPercentNachisl": null,
    "summPercentPoluch": null,
    "typeDep": null
  },
  "informationSecurities": null,
  "informationMetals": null,
  "informationOwn": null,
  "informationWallet": null,
  "inoe": null,
  "broni": null,
  "ais": {
    "infoAIS": "код абонента в АИС МВ (мСМДО) Org5458",
    "summAIS": null,
    "ammountAIS": null,
    "ppDateAIS": null,
    "ppTimeAIS": null,
    "ppNumberAIS": null,
    "ptDateAIS": null,
    "ptSummAIS": null,
    "datevAIS": null,
    "timevAIS": null
  },
  "arest": {
    "infoOgranich": null,
    "organArest": null,
    "periodArest": null,
    "reasonArest": null,
    "infoArest": null,
    "infoStop": null
  },
  "sdbo": {
    "registrationSDBO": null,
    "ip": null,
    "polzovateliSDBO": null,
    "vhodSDBO": null,
    "infoSDBO": null
  },
  "customerInformation": {
    "infoClient": null,
    "adressClient": null,
    "nomerClient": null,
    "mailClient": null,
    "zaimClient": null
  },
  "videoInformation": null,
  "informationErip": null,
  "other": null,
  "sud": "Определением суда Пушкинской области от 14.06.2025 по делу №1526 принято заявление о банкротстве, в отношении общества с ограниченной ответственностью «Дом СИЗ» (УНП 321654987) возбуждено производство по делу о банкротстве и открыто конкурсное производство, антикризисным управляющим должника назначен индивидуальный предприниматель Мирная Марфа Кощеевна",
  "doverennost": null,
  "closeForm": "Запрашиваемую информацию прошу направить мне по адресу электронной почты либо по средствам СМДО"
}